WORD,FREQUENCY
Instant,1
Pot,1
Lava,1
Cakes,2
Got,1
a,62
craving,1
for,39
something,5
decadent,2
gooey,1
and,64
chocolatey,1
We,6
ve,1
got,1
you,19
covered,1
in,50
no,2
time,3
WeCook,5
Rice,1
doesn,1
t,11
have,9
to,71
be,13
boring,1
Add,1
some,2
pizazz,1
with,25
gourmet,1
gab,1
s,46
tangy,1
chimichurri,1
sauce,1
Top,1
spicy,1
chorizo,1
creamy,4
avo,1
or,9
whatever,1
proteins,1
veg,1
around,6
the,94
house,2
Take,2
Gab,1
class,11
today,2
on,20
FoodNetworkKitchen,5
app,7
Apple,2
Cinnamon,2
Bun,2
Pie,2
Mash,1
Up,2
Watch,3
what,9
happens,1
when,6
cinnamon,1
buns,1
apple,1
pie,2
collide,1
There,3
NO,1
better,5
way,2
celebrate,1
NationalApplePieDay,1
Save,4
recipe,15
this,26
Raisin,1
your,9
foodnetworkkitchen,3
A,3
few,2
very,1
special,2
guests,2
are,4
joining,1
TheKitchen,2
Saturday,2
This,10
weekend,1
quarantine,1
episode,4
will,1
feature,1
fellow,1
fans,1
of,65
show,1
as,11
they,4
call,1
ask,1
co,2
hosts,1
about,5
cooking,5
their,3
families,1
It,8
all,9
starting,1
c,4
Recipe,2
Day,2
melissadarabian,1
Fan,1
Favorite,2
Salmon,1
Creamy,1
goat,1
cheese,1
wrapped,1
up,5
flaky,1
butter,2
phyllo,1
Is,3
there,4
anything,2
more,14
magical,2
NEW,1
season,1
BarefootContessa,1
InaGarten,1
begins,1
Saturdays,2
Warm,1
Goat,1
Cheese,1
Phyllo,1
Class,1
Cherry,2
Tomato,2
Tart,2
Use,2
homemade,1
store,1
bought,1
crust,1
make,6
parmesan,1
packed,1
Make,1
it,18
ali,1
rosen,1
Crispy,1
Tortilla,2
Pizza,1
jeffmauro,2
pizza,1
is,25
perfect,3
family,1
friendly,1
dinner,2
that,18
won,2
break,1
bank,1
Get,3
at,17
Guarnaschelli,1
Spare,2
Ribs,2
takes,1
only,3
five,2
minutes,1
prep,1
Alex,1
Dad,1
new,3
SupermarketStakeout,1
tonight,1
works,2
pinch,1
makes,4
cup,1
baking,4
powder,2
enough,1
several,1
recipes,4
If,2
don,1
cornstarch,1
omit,1
acts,1
an,9
anti,1
caking,1
agent,1
prevent,1
clumping,1
during,1
storage,1
Did,1
know,4
amazonfiretv,1
Fire,1
Tablet,1
customers,1
get,8
year,10
complimentary,1
subscription,1
Premium,1
Find,1
out,10
how,4
redeem,1
by,6
going,2
foodtv,1
com,1
amazon,1
place,3
Seattle,1
serves,2
tide,1
table,3
shellfish,1
Follow,9
bringme,11
foodie,7
spots,1
world,5
Are,1
ready,1
bougie,1
budget,1
You,1
can,8
Michelin,1
star,1
meal,2
Paris,1
adventures,7
Why,1
aren,1
following,1
yet,1
Brazil,1
cheesiest,1
chili,1
cheeseburgers,1
Move,1
over,2
Italy,1
Vancouver,1
might,3
best,5
gelato,2
What,3
favorite,3
flavor,2
mouthwatering,1
globe,3
Sushi,1
sustainability,2
my,5
dream,1
come,4
true,1
portlandtravel,1
sushirestuarant,1
sushi,1
oregontravel,1
These,1
cheesecake,2
tea,1
cups,1
I,19
ll,2
take,3
one,8
EVERYTHING,1
pickle,1
beer,1
flights,1
southern,1
twist,2
Cozy,1
hot,1
chocolate,2
caf,1
They,1
different,3
kinds,1
Thanks,1
dairy,1
free,2
blueberry,1
lime,1
goodful,1
Would,1
like,6
piece,1
am,1
eating,1
alone,1
silviaribeirogourmet,1
were,2
guilty,1
doing,2
kid,1
say,2
i,1
Cheetos,1
vs,1
Doritos,1
Which,1
Should,1
dark,1
milk,1
white,2
pool,1
mrhalawa,1
accepted,1
ALLINCHALLENGE,1
m,5
giving,1
away,1
food,14
Click,1
link,14
Bio,1
enter,1
hereby,1
challenge,1
lala,1
fatjoe,1
join,1
us,2
ALL,1
IN,1
those,3
need,1
allinchallenge,1
built,1
own,3
gym,1
w,1
vodkabeluga,1
who,2
wants,1
watch,2
till,1
ending,1
surprise,1
was,3
honor,2
pleasure,1
give,1
back,3
amazing,1
nurses,1
doctors,1
mountsinaimedicalcenter,1
umiamihealth,1
thank,1
everything,1
re,3
Miami,2
also,2
thanks,1
adameljamal,1
helping,1
happen,1
Comment,1
UK,1
quickly,1
Can,1
wait,1
visit,1
soon,2
made,3
nothing,4
foodgod,1
videos,1
sharing,1
ones,2
story,1
No,2
bread,2
flour,2
hand,2
worries,1
probably,1
already,1
use,1
instead,1
Tap,8
our,25
bio,13
handy,1
guide,1
substitutions,1
The,3
backyard,1
snack,2
according,1
Senior,1
Editor,2
davidlandsel,1
samir,1
cooks,2
from,13
beitrima,1
paired,1
order,1
ful,1
two,6
Blecs,1
handrolled,1
pasta,1
mixture,1
wheat,1
buckwheat,1
flours,1
dumpling,1
texture,4
cooked,1
lachlanmp,1
pairs,1
his,13
chicken,2
rosemary,1
hearty,1
tap,1
gregdupree,1
strange,1
restaurant,4
editor,1
but,7
writes,1
Restaurant,1
khushandoj,1
announcing,1
FWBNC,8
COVID,1
crisis,1
sweeps,1
fallout,1
pandemic,1
has,2
revealed,1
layers,1
strength,1
creativity,1
people,4
embodied,1
Best,1
New,1
Chefs,1
With,5
them,5
helm,1
future,3
dining,1
looks,1
brighter,1
fairer,1
delicious,1
than,4
ever,1
before,3
mind,1
we,5
asked,1
each,4
member,1
want,5
restaurants,3
hold,1
meet,7
read,1
industry,1
Chef,1
Eunjo,1
Park,3
eunjoful,1
mission,1
respect,1
rice,1
cake,2
chewy,1
Korean,7
staple,1
long,2
been,2
seen,1
base,1
humble,3
everyday,1
dishes,2
But,1
Kawi,3
part,2
davidchang,1
momolongplay,1
empire,1
her,9
version,1
She,1
never,2
set,1
cook,1
Asian,1
much,2
less,1
thought,1
could,3
home,3
think,2
see,4
me,2
Korea,1
not,5
In,3
America,1
American,6
mean,1
gray,2
area,2
Like,1
operates,1
too,2
Yes,2
Also,1
yes,1
zone,1
able,2
push,1
boundaries,1
taste,1
technique,1
just,6
where,1
rest,6
farm,3
then,4
Niven,1
Patel,4
chefniven,1
owns,1
locations,1
gheemiami,1
pop,1
supplies,1
fresh,2
produce,2
acre,1
plot,1
dubbed,1
Rancho,1
From,1
these,4
acres,1
steady,1
supply,1
keep,1
menus,2
simple,1
flavorful,1
says,4
That,1
Indian,4
should,1
entire,1
ethos,1
comes,3
preferring,1
skip,1
trappings,1
typical,1
British,1
curry,1
menu,4
find,4
jalfrezi,1
lamb,1
bhuna,1
favor,1
unfussy,1
homestyle,1
him,4
Trigg,1
Brown,3
trigg,1
brown,1
didn,1
plan,1
opening,1
Taiwanese,6
Brooklyn,1
After,1
exploring,1
every,2
he,12
business,1
partner,2
Josh,1
Ku,2
Flushing,1
dissecting,1
dish,1
specifically,1
techniques,1
ingredients,3
involved,1
reverse,1
engineering,1
mom,1
celery,1
tofu,1
pair,1
saw,1
opportunity,1
went,1
weren,1
trying,2
start,1
fad,1
trend,2
wanted,1
bring,1
loved,1
neighborhood,2
He,1
quick,1
point,1
winsonbrooklyn,1
winsonbakery,1
Emphasis,1
really,1
front,1
fact,1
guy,1
experience,2
cuisine,1
especially,1
regionally,1
specific,2
Regardless,1
label,1
denying,1
making,4
unconscionably,1
good,2
Tavel,1
Bristol,2
Joseph,2
tavel,1
savant,1
sugar,2
yeast,1
first,2
learned,2
bake,1
punishment,2
kids,1
attending,1
Sunday,1
school,2
auntie,1
church,1
Guyana,1
Turns,1
natural,1
Today,2
owner,1
alongside,1
kevinfinkatx,1
executive,1
pastry,1
chef,1
throughout,2
Austin,1
emmerandrye,1
henbitaustin,1
tlv,1
austin,2
hestia,1
kalimotxo,1
atx,1
His,1
globally,1
inspired,4
desserts,1
among,1
most,2
exciting,1
country,1
Baking,1
once,1
now,3
sees,1
calling,1
platform,1
had,1
reason,1
successful,1
succeed,1
Douglass,1
Williams,1
douglasswilliams,1
master,1
almost,1
molecular,1
level,1
which,2
stems,1
battle,1
Crohn,1
disease,1
While,1
wasn,1
swallow,1
culinary,2
still,1
chew,1
d,1
analyze,1
nuance,1
spitting,1
into,2
trash,1
obsession,1
deeply,1
apparent,1
midaboston,1
Italian,1
border,1
Boston,1
affluent,1
South,1
End,1
Roxbury,1
African,1
Just,1
look,2
polenta,1
fries,1
tender,1
cornmeal,1
bricks,1
until,1
golden,2
crunchy,1
crowns,1
dollop,1
sweet,1
gorgonzola,1
dolce,1
lemon,1
zest,1
generous,1
drizzle,1
honey,1
outside,1
remains,1
crisp,1
while,3
inside,1
enriched,1
Parmesan,1
olive,1
oil,1
incredibly,1
Lena,1
Sareini,1
lenasareini,1
loves,1
clean,2
plate,1
lot,1
times,1
go,3
dessert,1
indulgence,1
she,4
Some,1
bites,1
being,1
overwhelmed,1
empty,1
plates,1
To,2
do,1
savory,1
elements,1
often,1
unexpected,1
Detroit,1
seldenstandard,1
Pulling,1
Lebanese,1
heritage,1
displays,1
proudly,1
wearing,1
hijab,1
kitchen,3
kanafeh,1
baklava,1
regular,1
lexicon,1
f,10
community,8
coffee,7
week,8
any,1
IG,3
TikTok,1
famous,2
cereal,1
pancakes,1
faves,1
head,4
breakdown,1
carolinagelen,2
emilyswholekitchen,1
tashasartisanfoods,1
reas,1
grams,2
Magical,2
Coffee,4
Co,3
founder,2
merrillstubbs,1
shows,1
oldest,1
popular,1
ErinH,1
stories,5
miglorious,2
geniusrecipes,1
easy,2
Genius,1
method,1
sprucing,1
canned,1
beans,2
plus,1
springy,1
salad,1
toss,1
couldn,1
simpler,1
trick,1
pastafriday,1
brings,1
frizzled,1
edges,1
molten,1
middles,1
via,1
geniusdesserts,1
showing,1
off,4
many,1
reasons,1
love,1
retro,1
warmer,1
Dansk,1
so,1
Not,1
does,1
stovetop,1
tabletop,1
style,2
ingenious,1
lid,1
doubles,1
trivet,1
Bonus,1
Shop,1
right,1
yours,1
missing,1
hard,1
frothy,1
cappuccinos,1
lattes,1
Has,1
anyone,1
tried,1
latte,1
art,1
feel,1
particularly,1
four,1
its,1
nicolettemarie,1
fit,1
n,1
mama,1
hornyforfood,1
platesandates,1
tag,2
related,1
snacks,1
chance,2
featured,2
here,2
Armchair,4
Cook,4
Episode,1
Guest,1
Hilary,2
Duff,1
For,1
missed,1
last,1
night,2
Live,2
amandahesser,3
hilaryduff,2
welcome,1
series,1
Food,1
stars,1
CEO,1
Founder,1
resident,1
uses,1
years,1
coach,1
guest,1
case,1
through,2
All,1
sitting,1
comfortably,1
armchair,1
Amanda,2
coaches,1
Pepita,1
Crusted,1
Chicken,1
together,1
bumps,1
road,1
stay,1
tuned,1
episodes,1
emmalaperruque,1
biglittlerecipes,1
ode,1
Tempeh,1
Baja,1
fried,1
fish,1
tacos,1
topped,1
cabbage,1
slaw,1
option,1
days,1
meat,1
Buttermilk,2
White,2
Beans,2
Eggs,2
Greens,2
Messes,1
Kitchen,1
getting,1
ahead,1
abraberens,1
Head,1
Tonight,1
kicking,1
couple,1
Instagram,1
fluffy,1
weirdly,1
Dalgona,3
Coffees,2
havrahajoori,1
iamruchikakhanna,1
aimeemarsliving,1
Well,1
three,1
matcha,1
y,1
swipe,1
end,1
joe,2
adjacent,1
foods,1
Toast,1
Shortbread,1
Beignets,1
And,1
sad,1
tourist,1
Vegan,1
Peach,1
Crumble,1
Cake,1
Kicking,1
help,1
friend,1
thefullhelping,1
vegan,1
great,1
breakfast,1
treat,2
pre,1
late,1
well,1
idea,1
anytime,1
day,1
even,1
scoop,1
vanilla,1
ice,1
cream,1
